{
  "project_info": {
    "project_number": "924044675644",
    "project_id": "golab-ef38c",
    "storage_bucket": "golab-ef38c.appspot.com"
  },
  "client": [
    {
      "client_info": {
        "mobilesdk_app_id": "1:924044675644:android:252250745447979ab3d139",
        "android_client_info": {
          "package_name": "com.company.golab"
        }
      },
      "oauth_client": [],
      "api_key": [
        {
          "current_key": "AIzaSyBeCwU_cAyHAYsI92AGZCdbREQfsKGCpKU"
        }
      ],
      "services": {
        "appinvite_service": {
          "other_platform_oauth_client": []
        }
      }
    },
    {
      "client_info": {
        "mobilesdk_app_id": "1:924044675644:android:1a587744fb3c3dc1b3d139",
        "android_client_info": {
          "package_name": "com.example.healtcare"
        }
      },
      "oauth_client": [],
      "api_key": [
        {
          "current_key": "AIzaSyBeCwU_cAyHAYsI92AGZCdbREQfsKGCpKU"
        }
      ],
      "services": {
        "appinvite_service": {
          "other_platform_oauth_client": []
        }
      }
    }
  ],
  "configuration_version": "1"
}